reference_number,citation_key,citation_latex,doi_or_source_url
1,r1,"M. S. Islam et al., ``Faecal contamination of drinking water sources of Dhaka city during the 2004 flood in Bangladesh and use of disinfectants for water treatment,'' J. Appl. Microbiol., vol. 103, no. 1, pp. 80--87, 2007, doi: \href{https://doi.org/10.1111/j.1365-2672.2006.03234.x}{10.1111/j.1365-2672.2006.03234.x}.",https://doi.org/10.1111/j.1365-2672.2006.03234.x
2,r2,"J. Luoto et al., ``What point-of-use water treatment products do consumers use? Evidence from a randomized controlled trial among the urban poor in Bangladesh,'' PLoS ONE, vol. 6, no. 10, Art. no. e26132, 2011, doi: \href{https://doi.org/10.1371/journal.pone.0026132}{10.1371/journal.pone.0026132}.",https://doi.org/10.1371/journal.pone.0026132
3,r3,"A. J. Pickering et al., ``Differences in field effectiveness and adoption between a novel automated chlorination system and household manual chlorination of drinking water in Dhaka, Bangladesh: A randomized controlled trial,'' PLoS ONE, vol. 10, no. 3, Art. no. e0118397, 2015, doi: \href{https://doi.org/10.1371/journal.pone.0118397}{10.1371/journal.pone.0118397}.",https://doi.org/10.1371/journal.pone.0118397
4,r4,"C. C. Castro-Jiménez, J. C. Saldarriaga-Molina, and E. F. García, ``Physical-chemical characterisation of an alum-based water treatment sludge in different raw water turbidity scenarios,'' Heliyon, vol. 10, no. 17, Art. no. e37579, 2024, doi: \href{https://doi.org/10.1016/j.heliyon.2024.e37579}{10.1016/j.heliyon.2024.e37579}.",https://doi.org/10.1016/j.heliyon.2024.e37579
5,r5,"I. Krupińska, ``Aluminium drinking water treatment residuals and their toxic impact on human health,'' Molecules, vol. 25, no. 3, Art. no. 641, 2020, doi: \href{https://doi.org/10.3390/molecules25030641}{10.3390/molecules25030641}.",https://doi.org/10.3390/molecules25030641
6,r6,"C.-N. Yeh, K. Raidongia, J. Shao, Q.-H. Yang, and J. Huang, ``On the origin of the stability of graphene oxide membranes in water,'' Nat. Chem., vol. 7, no. 2, pp. 166--170, 2015, doi: \href{https://doi.org/10.1038/nchem.2145}{10.1038/nchem.2145}.",https://doi.org/10.1038/nchem.2145
7,r7,"J. Abraham et al., ``Tunable sieving of ions using graphene oxide membranes,'' Nat. Nanotechnol., vol. 12, pp. 546--550, 2017, doi: \href{https://doi.org/10.1038/nnano.2017.21}{10.1038/nnano.2017.21}.",https://doi.org/10.1038/nnano.2017.21
8,r8,"L. Qian et al., ``Amino acid cross-linked graphene oxide membranes for metal ions permeation, insertion and antibacterial properties,'' Membranes, vol. 10, no. 10, Art. no. 296, 2020, doi: \href{https://doi.org/10.3390/membranes10100296}{10.3390/membranes10100296}.",https://doi.org/10.3390/membranes10100296
9,r9,"H. Liu, X. Huang, Y. Wang, B. Kuang, and W. Li, ``Nanowire-assisted electrochemical perforation of graphene oxide nanosheets for molecular separation,'' Nat. Commun., vol. 15, Art. no. 164, 2024, doi: \href{https://doi.org/10.1038/s41467-023-44626-9}{10.1038/s41467-023-44626-9}.",https://doi.org/10.1038/s41467-023-44626-9
10,r10,"K. Oguma, R. Kita, H. Sakai, M. Murakami, and S. Takizawa, ``Application of UV light emitting diodes to batch and flow-through water disinfection systems,'' Desalination, vol. 328, pp. 24--30, 2013, doi: \href{https://doi.org/10.1016/j.desal.2013.08.014}{10.1016/j.desal.2013.08.014}.",https://doi.org/10.1016/j.desal.2013.08.014
11,r11,"C. Farrell, F. Hassard, B. Jefferson, T. Leziart, A. Nocker, and P. Jarvis, ``Turbidity composition and the relationship with microbial attachment and UV inactivation efficacy,'' Sci. Total Environ., vol. 624, pp. 638--647, 2018, doi: \href{https://doi.org/10.1016/j.scitotenv.2017.12.173}{10.1016/j.scitotenv.2017.12.173}.",https://doi.org/10.1016/j.scitotenv.2017.12.173
12,r12,"P. Jarvis, O. Autin, E. H. Goslan, and F. Hassard, ``Application of ultraviolet light-emitting diodes (UV-LED) to full-scale drinking-water disinfection,'' Water, vol. 11, no. 9, Art. no. 1894, 2019, doi: \href{https://doi.org/10.3390/w11091894}{10.3390/w11091894}.",https://doi.org/10.3390/w11091894
13,r13,"D. Gillett and A. Marchiori, ``A low-cost continuous turbidity monitor,'' Sensors, vol. 19, no. 14, Art. no. 3039, 2019, doi: \href{https://doi.org/10.3390/s19143039}{10.3390/s19143039}.",https://doi.org/10.3390/s19143039
14,r14,"R. Bogdan, C. Paliuc, M. Crisan-Vida, S. Nimara, and D. Barmayoun, ``Low-cost Internet-of-Things water-quality monitoring system for rural areas,'' Sensors, vol. 23, no. 8, Art. no. 3919, 2023, doi: \href{https://doi.org/10.3390/s23083919}{10.3390/s23083919}.",https://doi.org/10.3390/s23083919
15,r15,"E. von Elm, D. G. Altman, M. Egger, S. J. Pocock, P. C. Gøtzsche, and J. P. Vandenbroucke, ``The Strengthening the Reporting of Observational Studies in Epidemiology (STROBE) statement: Guidelines for reporting observational studies,'' PLoS Med., vol. 4, no. 10, Art. no. e296, 2007, doi: \href{https://doi.org/10.1371/journal.pmed.0040296}{10.1371/journal.pmed.0040296}.",https://doi.org/10.1371/journal.pmed.0040296
16,r16,"A. Tong, P. Sainsbury, and J. Craig, ``Consolidated criteria for reporting qualitative research (COREQ): A 32-item checklist for interviews and focus groups,'' Int. J. Qual. Health Care, vol. 19, no. 6, pp. 349--357, 2007, doi: \href{https://doi.org/10.1093/intqhc/mzm042}{10.1093/intqhc/mzm042}.",https://doi.org/10.1093/intqhc/mzm042
17,r17,"C. Han et al., ``Quasi-vertically asymmetric channels of graphene oxide membrane for ultrafast ion sieving,'' Nat. Commun., vol. 16, Art. no. 1020, 2025, doi: \href{https://doi.org/10.1038/s41467-025-56358-z}{10.1038/s41467-025-56358-z}.",https://doi.org/10.1038/s41467-025-56358-z
18,epa_turbidity2004,"U.S. Environmental Protection Agency, \emph{Long Term 1 Enhanced Surface Water Treatment Rule: Turbidity Provisions Technical Guidance Manual}, EPA 816-R-04-007, Aug. 2004. [Online]. Available: \url{https://nepis.epa.gov/Exe/ZyPURL.cgi?Dockey=30005ZHV.TXT}",https://nepis.epa.gov/Exe/ZyPURL.cgi?Dockey=30005ZHV.TXT
19,epa_nutrient2010,"U.S. Environmental Protection Agency, \emph{Nutrient Control Design Manual}, EPA/600/R-10/100, Aug. 2010, sec. 9.6.2.1. [Online]. Available: \url{https://nepis.epa.gov/Exe/ZyPURL.cgi?Dockey=P1008KTD.TXT}",https://nepis.epa.gov/Exe/ZyPURL.cgi?Dockey=P1008KTD.TXT
20,epa_uv2006,"U.S. Environmental Protection Agency, \emph{Ultraviolet Disinfection Guidance Manual for the Final Long Term 2 Enhanced Surface Water Treatment Rule}, EPA 815-R-06-007, Nov. 2006. [Online]. Available: \url{https://www.epa.gov/system/files/documents/2022-10/ultraviolet-disinfection-guidance-manual-2006.pdf}",https://www.epa.gov/system/files/documents/2022-10/ultraviolet-disinfection-guidance-manual-2006.pdf
21,doe_pump2005,"U.S. Department of Energy, ``Test for pumping system efficiency,'' \emph{Energy Tips---Pumping Systems}, Tip Sheet 4, Sep. 2005. [Online]. Available: \url{https://www1.eere.energy.gov/manufacturing/tech_assistance/pdfs/test_pumping_system__pumping_systemts4.pdf}",https://www1.eere.energy.gov/manufacturing/tech_assistance/pdfs/test_pumping_system__pumping_systemts4.pdf
22,who_hwt2018,"World Health Organization, \emph{WHO International Scheme to Evaluate Household Water Treatment Technologies: Harmonized Testing Protocol---Technology Non-Specific}, ver. 2.1, Geneva, Switzerland, Aug. 2018. [Online]. Available: \url{https://www.who.int/docs/default-source/wash-documents/water-safety-and-quality/household-water-treatment/hwt-scheme-harmonized-test-protocol-2018.pdf}",https://www.who.int/docs/default-source/wash-documents/water-safety-and-quality/household-water-treatment/hwt-scheme-harmonized-test-protocol-2018.pdf
23,r18,"L. M. T. Broyles, E. L. Pakhtigian, S. Aziz, A. S. Akanda, and A. Mejia, ``Seasonal variation in household water insecurity in rural Bangladesh: A longitudinal analysis,'' PLOS Water, vol. 2, no. 7, Art. no. e0000157, 2023, doi: \href{https://doi.org/10.1371/journal.pwat.0000157}{10.1371/journal.pwat.0000157}.",https://doi.org/10.1371/journal.pwat.0000157
