assumed_discharge_L_h,calculated_cycle_average_L_h,status
2,1.73913043478,illustrative_calculation
2.11557788945,1.82587010734,illustrative_calculation
2.23115577889,1.91132156694,illustrative_calculation
2.34673366834,1.99551329986,illustrative_calculation
2.46231155779,2.07847295864,illustrative_calculation
2.57788944724,2.16022739236,illustrative_calculation
2.69346733668,2.24080267559,illustrative_calculation
2.80904522613,2.32022413614,illustrative_calculation
2.92462311558,2.39851638162,illustrative_calculation
3.04020100503,2.47570332481,illustrative_calculation
3.15577889447,2.55180820805,illustrative_calculation
3.27135678392,2.62685362655,illustrative_calculation
3.38693467337,2.70086155079,illustrative_calculation
3.50251256281,2.77385334793,illustrative_calculation
3.61809045226,2.84584980237,illustrative_calculation
3.73366834171,2.91687113554,illustrative_calculation
3.84924623116,2.98693702476,illustrative_calculation
3.9648241206,3.05606662148,illustrative_calculation
4.08040201005,3.12427856868,illustrative_calculation
4.1959798995,3.19159101768,illustrative_calculation
4.31155778894,3.2580216442,illustrative_calculation
4.42713567839,3.32358766387,illustrative_calculation
4.54271356784,3.38830584708,illustrative_calculation
4.65829145729,3.45219253328,illustrative_calculation
4.77386934673,3.51526364477,illustrative_calculation
4.88944723618,3.57753469988,illustrative_calculation
5.00502512563,3.63902082572,illustrative_calculation
5.12060301508,3.69973677045,illustrative_calculation
5.23618090452,3.75969691503,illustrative_calculation
5.35175879397,3.81891528463,illustrative_calculation
5.46733668342,3.87740555952,illustrative_calculation
5.58291457286,3.93518108563,illustrative_calculation
5.69849246231,3.9922548847,illustrative_calculation
5.81407035176,4.04863966407,illustrative_calculation
5.92964824121,4.10434782609,illustrative_calculation
6.04522613065,4.15939147722,illustrative_calculation
6.1608040201,4.21378243684,illustrative_calculation
6.27638190955,4.26753224566,illustrative_calculation
6.39195979899,4.32065217391,illustrative_calculation
6.50753768844,4.37315322921,illustrative_calculation
6.62311557789,4.42504616418,illustrative_calculation
6.73869346734,4.47634148377,illustrative_calculation
6.85427135678,4.52704945237,illustrative_calculation
6.96984924623,4.57718010065,illustrative_calculation
7.08542713568,4.62674323216,illustrative_calculation
7.20100502513,4.67574842973,illustrative_calculation
7.31658291457,4.72420506165,illustrative_calculation
7.43216080402,4.77212228765,illustrative_calculation
7.54773869347,4.81950906466,illustrative_calculation
7.66331658291,4.86637415237,illustrative_calculation
7.77889447236,4.91272611869,illustrative_calculation
7.89447236181,4.95857334491,illustrative_calculation
8.01005025126,5.00392403076,illustrative_calculation
8.1256281407,5.04878619936,illustrative_calculation
8.24120603015,5.09316770186,illustrative_calculation
8.3567839196,5.1370762221,illustrative_calculation
8.47236180905,5.180519281,illustrative_calculation
8.58793969849,5.22350424085,illustrative_calculation
8.70351758794,5.26603830952,illustrative_calculation
8.81909547739,5.30812854442,illustrative_calculation
8.93467336683,5.34978185648,illustrative_calculation
9.05025125628,5.39100501384,illustrative_calculation
9.16582914573,5.43180464562,illustrative_calculation
9.28140703518,5.47218724539,illustrative_calculation
9.39698492462,5.51215917465,illustrative_calculation
9.51256281407,5.55172666618,illustrative_calculation
9.62814070352,5.59089582725,illustrative_calculation
9.74371859296,5.62967264281,illustrative_calculation
9.85929648241,5.66806297848,illustrative_calculation
9.97487437186,5.70607258354,illustrative_calculation
10.0904522613,5.74370709382,illustrative_calculation
10.2060301508,5.78097203444,illustrative_calculation
10.3216080402,5.81787282255,illustrative_calculation
10.4371859296,5.85441476992,illustrative_calculation
10.5527638191,5.89060308555,illustrative_calculation
10.6683417085,5.92644287808,illustrative_calculation
10.783919598,5.96193915822,illustrative_calculation
10.8994974874,5.99709684109,illustrative_calculation
11.0150753769,6.03192074849,illustrative_calculation
11.1306532663,6.06641561109,illustrative_calculation
11.2462311558,6.1005860706,illustrative_calculation
11.3618090452,6.13443668182,illustrative_calculation
11.4773869347,6.16797191466,illustrative_calculation
11.5929648241,6.20119615617,illustrative_calculation
11.7085427136,6.23411371237,illustrative_calculation
11.824120603,6.26672881017,illustrative_calculation
11.9396984925,6.29904559915,illustrative_calculation
12.0552763819,6.33106815333,illustrative_calculation
12.1708542714,6.36280047288,illustrative_calculation
12.2864321608,6.39424648578,illustrative_calculation
12.4020100503,6.42541004947,illustrative_calculation
12.5175879397,6.45629495237,illustrative_calculation
12.6331658291,6.48690491549,illustrative_calculation
12.7487437186,6.51724359386,illustrative_calculation
12.864321608,6.54731457801,illustrative_calculation
12.9798994975,6.57712139538,illustrative_calculation
13.0954773869,6.60666751173,illustrative_calculation
13.2110552764,6.63595633243,illustrative_calculation
13.3266331658,6.66499120382,illustrative_calculation
13.4422110553,6.69377541445,illustrative_calculation
13.5577889447,6.72231219634,illustrative_calculation
13.6733668342,6.75060472617,illustrative_calculation
13.7889447236,6.77865612648,illustrative_calculation
13.9045226131,6.80646946682,illustrative_calculation
14.0201005025,6.83404776485,illustrative_calculation
14.135678392,6.86139398744,illustrative_calculation
14.2512562814,6.88851105174,illustrative_calculation
14.3668341709,6.91540182621,illustrative_calculation
14.4824120603,6.94206913164,illustrative_calculation
14.5979899497,6.96851574213,illustrative_calculation
14.7135678392,6.99474438605,illustrative_calculation
14.8291457286,7.02075774698,illustrative_calculation
14.9447236181,7.04655846464,illustrative_calculation
15.0603015075,7.07214913574,illustrative_calculation
15.175879397,7.09753231492,illustrative_calculation
15.2914572864,7.12271051554,illustrative_calculation
15.4070351759,7.14768621051,illustrative_calculation
15.5226130653,7.17246183317,illustrative_calculation
15.6381909548,7.19703977798,illustrative_calculation
15.7537688442,7.22142240138,illustrative_calculation
15.8693467337,7.24561202248,illustrative_calculation
15.9849246231,7.26961092384,illustrative_calculation
16.1005025126,7.29342135215,illustrative_calculation
16.216080402,7.31704551896,illustrative_calculation
16.3316582915,7.34048560136,illustrative_calculation
16.4472361809,7.36374374262,illustrative_calculation
16.5628140704,7.38682205289,illustrative_calculation
16.6783919598,7.40972260981,illustrative_calculation
16.7939698492,7.43244745913,illustrative_calculation
16.9095477387,7.45499861534,illustrative_calculation
17.0251256281,7.47737806224,illustrative_calculation
17.1407035176,7.49958775353,illustrative_calculation
17.256281407,7.5216296134,illustrative_calculation
17.3718592965,7.54350553707,illustrative_calculation
17.4874371859,7.5652173913,illustrative_calculation
17.6030150754,7.586767015,illustrative_calculation
17.7185929648,7.60815621966,illustrative_calculation
17.8341708543,7.62938678992,illustrative_calculation
17.9497487437,7.65046048404,illustrative_calculation
18.0653266332,7.67137903441,illustrative_calculation
18.1809045226,7.69214414797,illustrative_calculation
18.2964824121,7.71275750675,illustrative_calculation
18.4120603015,7.73322076826,illustrative_calculation
18.527638191,7.75353556595,illustrative_calculation
18.6432160804,7.77370350969,illustrative_calculation
18.7587939698,7.79372618613,illustrative_calculation
18.8743718593,7.81360515914,illustrative_calculation
18.9899497487,7.83334197025,illustrative_calculation
19.1055276382,7.85293813901,illustrative_calculation
19.2211055276,7.87239516337,illustrative_calculation
19.3366834171,7.8917145201,illustrative_calculation
19.4522613065,7.91089766515,illustrative_calculation
19.567839196,7.92994603401,illustrative_calculation
19.6834170854,7.94886104206,illustrative_calculation
19.7989949749,7.96764408493,illustrative_calculation
19.9145728643,7.98629653887,illustrative_calculation
20.0301507538,8.00481976102,illustrative_calculation
20.1457286432,8.02321508981,illustrative_calculation
20.2613065327,8.04148384523,illustrative_calculation
20.3768844221,8.05962732919,illustrative_calculation
20.4924623116,8.07764682579,illustrative_calculation
20.608040201,8.09554360164,illustrative_calculation
20.7236180905,8.11331890616,illustrative_calculation
20.8391959799,8.13097397186,illustrative_calculation
20.9547738693,8.14851001466,illustrative_calculation
21.0703517588,8.16592823409,illustrative_calculation
21.1859296482,8.18322981366,illustrative_calculation
21.3015075377,8.20041592107,illustrative_calculation
21.4170854271,8.21748770847,illustrative_calculation
21.5326633166,8.23444631276,illustrative_calculation
21.648241206,8.25129285577,illustrative_calculation
21.7638190955,8.26802844461,illustrative_calculation
21.8793969849,8.28465417182,illustrative_calculation
21.9949748744,8.30117111564,illustrative_calculation
22.1105527638,8.31758034026,illustrative_calculation
22.2261306533,8.33388289604,illustrative_calculation
22.3417085427,8.3500798197,illustrative_calculation
22.4572864322,8.3661721346,illustrative_calculation
22.5728643216,8.38216085091,illustrative_calculation
22.6884422111,8.39804696582,illustrative_calculation
22.8040201005,8.4138314638,illustrative_calculation
22.9195979899,8.42951531673,illustrative_calculation
23.0351758794,8.44509948416,illustrative_calculation
23.1507537688,8.46058491346,illustrative_calculation
23.2663316583,8.47597254005,illustrative_calculation
23.3819095477,8.49126328756,illustrative_calculation
23.4974874372,8.50645806804,illustrative_calculation
23.6130653266,8.52155778211,illustrative_calculation
23.7286432161,8.53656331917,illustrative_calculation
23.8442211055,8.55147555756,illustrative_calculation
23.959798995,8.56629536471,illustrative_calculation
24.0753768844,8.58102359737,illustrative_calculation
24.1909547739,8.59566110169,illustrative_calculation
24.3065326633,8.61020871345,illustrative_calculation
24.4221105528,8.62466725821,illustrative_calculation
24.5376884422,8.63903755142,illustrative_calculation
24.6532663317,8.65332039862,illustrative_calculation
24.7688442211,8.6675165956,illustrative_calculation
24.8844221106,8.68162692847,illustrative_calculation
25,8.69565217391,illustrative_calculation
