assumed_flux_LMH,calculated_active_area_m2,status
5,2,illustrative_calculation
5.25114155251,1.90434782609,illustrative_calculation
5.50228310502,1.81742738589,illustrative_calculation
5.75342465753,1.7380952381,illustrative_calculation
6.00456621005,1.66539923954,illustrative_calculation
6.25570776256,1.59854014599,illustrative_calculation
6.50684931507,1.53684210526,illustrative_calculation
6.75799086758,1.47972972973,illustrative_calculation
7.00913242009,1.42671009772,illustrative_calculation
7.2602739726,1.37735849057,illustrative_calculation
7.51141552511,1.33130699088,illustrative_calculation
7.76255707763,1.28823529412,illustrative_calculation
8.01369863014,1.24786324786,illustrative_calculation
8.26484018265,1.20994475138,illustrative_calculation
8.51598173516,1.17426273458,illustrative_calculation
8.76712328767,1.140625,illustrative_calculation
9.01826484018,1.10886075949,illustrative_calculation
9.26940639269,1.07881773399,illustrative_calculation
9.52054794521,1.05035971223,illustrative_calculation
9.77168949772,1.02336448598,illustrative_calculation
10.0228310502,0.997722095672,illustrative_calculation
10.2739726027,0.973333333333,illustrative_calculation
10.5251141553,0.95010845987,illustrative_calculation
10.7762557078,0.927966101695,illustrative_calculation
11.0273972603,0.906832298137,illustrative_calculation
11.2785388128,0.886639676113,illustrative_calculation
11.5296803653,0.867326732673,illustrative_calculation
11.7808219178,0.848837209302,illustrative_calculation
12.0319634703,0.831119544592,illustrative_calculation
12.2831050228,0.814126394052,illustrative_calculation
12.5342465753,0.79781420765,illustrative_calculation
12.7853881279,0.782142857143,illustrative_calculation
13.0365296804,0.76707530648,illustrative_calculation
13.2876712329,0.752577319588,illustrative_calculation
13.5388127854,0.738617200675,illustrative_calculation
13.7899543379,0.725165562914,illustrative_calculation
14.0410958904,0.712195121951,illustrative_calculation
14.2922374429,0.699680511182,illustrative_calculation
14.5433789954,0.68759811617,illustrative_calculation
14.7945205479,0.675925925926,illustrative_calculation
15.0456621005,0.66464339909,illustrative_calculation
15.296803653,0.653731343284,illustrative_calculation
15.5479452055,0.643171806167,illustrative_calculation
15.799086758,0.632947976879,illustrative_calculation
16.0502283105,0.623044096728,illustrative_calculation
16.301369863,0.613445378151,illustrative_calculation
16.5525114155,0.604137931034,illustrative_calculation
16.803652968,0.595108695652,illustrative_calculation
17.0547945205,0.586345381526,illustrative_calculation
17.3059360731,0.577836411609,illustrative_calculation
17.5570776256,0.569570871261,illustrative_calculation
17.8082191781,0.561538461538,illustrative_calculation
18.0593607306,0.553729456384,illustrative_calculation
18.3105022831,0.546134663342,illustrative_calculation
18.5616438356,0.538745387454,illustrative_calculation
18.8127853881,0.531553398058,illustrative_calculation
19.0639269406,0.524550898204,illustrative_calculation
19.3150684932,0.517730496454,illustrative_calculation
19.5662100457,0.511085180863,illustrative_calculation
19.8173515982,0.504608294931,illustrative_calculation
20.0684931507,0.498293515358,illustrative_calculation
20.3196347032,0.492134831461,illustrative_calculation
20.5707762557,0.486126526082,illustrative_calculation
20.8219178082,0.480263157895,illustrative_calculation
21.0730593607,0.474539544962,illustrative_calculation
21.3242009132,0.468950749465,illustrative_calculation
21.5753424658,0.463492063492,illustrative_calculation
21.8264840183,0.458158995816,illustrative_calculation
22.0776255708,0.452947259566,illustrative_calculation
22.3287671233,0.447852760736,illustrative_calculation
22.5799086758,0.442871587462,illustrative_calculation
22.8310502283,0.438,illustrative_calculation
23.0821917808,0.433234421365,illustrative_calculation
23.3333333333,0.428571428571,illustrative_calculation
23.5844748858,0.424007744434,illustrative_calculation
23.8356164384,0.419540229885,illustrative_calculation
24.0867579909,0.415165876777,illustrative_calculation
24.3378995434,0.410881801126,illustrative_calculation
24.5890410959,0.406685236769,illustrative_calculation
24.8401826484,0.402573529412,illustrative_calculation
25.0913242009,0.398544131028,illustrative_calculation
25.3424657534,0.394594594595,illustrative_calculation
25.5936073059,0.390722569135,illustrative_calculation
25.8447488584,0.386925795053,illustrative_calculation
26.095890411,0.383202099738,illustrative_calculation
26.3470319635,0.379549393414,illustrative_calculation
26.598173516,0.375965665236,illustrative_calculation
26.8493150685,0.372448979592,illustrative_calculation
27.100456621,0.36899747262,illustrative_calculation
27.3515981735,0.365609348915,illustrative_calculation
27.602739726,0.362282878412,illustrative_calculation
27.8538812785,0.359016393443,illustrative_calculation
28.1050228311,0.355808285946,illustrative_calculation
28.3561643836,0.352657004831,illustrative_calculation
28.6073059361,0.349561053472,illustrative_calculation
28.8584474886,0.346518987342,illustrative_calculation
29.1095890411,0.343529411765,illustrative_calculation
29.3607305936,0.340590979782,illustrative_calculation
29.6118721461,0.337702390131,illustrative_calculation
29.8630136986,0.334862385321,illustrative_calculation
30.1141552511,0.33206974981,illustrative_calculation
30.3652968037,0.329323308271,illustrative_calculation
30.6164383562,0.326621923937,illustrative_calculation
30.8675799087,0.323964497041,illustrative_calculation
31.1187214612,0.321349963316,illustrative_calculation
31.3698630137,0.318777292576,illustrative_calculation
31.6210045662,0.316245487365,illustrative_calculation
31.8721461187,0.313753581662,illustrative_calculation
32.1232876712,0.311300639659,illustrative_calculation
32.3744292237,0.308885754584,illustrative_calculation
32.6255707763,0.306508047586,illustrative_calculation
32.8767123288,0.304166666667,illustrative_calculation
33.1278538813,0.301860785665,illustrative_calculation
33.3789954338,0.299589603283,illustrative_calculation
33.6301369863,0.297352342159,illustrative_calculation
33.8812785388,0.295148247978,illustrative_calculation
34.1324200913,0.292976588629,illustrative_calculation
34.3835616438,0.290836653386,illustrative_calculation
34.6347031963,0.288727752142,illustrative_calculation
34.8858447489,0.28664921466,illustrative_calculation
35.1369863014,0.284600389864,illustrative_calculation
35.3881278539,0.282580645161,illustrative_calculation
35.6392694064,0.280589365791,illustrative_calculation
35.8904109589,0.278625954198,illustrative_calculation
36.1415525114,0.276689829438,illustrative_calculation
36.3926940639,0.2747804266,illustrative_calculation
36.6438356164,0.272897196262,illustrative_calculation
36.8949771689,0.27103960396,illustrative_calculation
37.1461187215,0.269207129687,illustrative_calculation
37.397260274,0.267399267399,illustrative_calculation
37.6484018265,0.26561552456,illustrative_calculation
37.899543379,0.263855421687,illustrative_calculation
38.1506849315,0.262118491921,illustrative_calculation
38.401826484,0.260404280618,illustrative_calculation
38.6529680365,0.25871234495,illustrative_calculation
38.904109589,0.257042253521,illustrative_calculation
39.1552511416,0.255393586006,illustrative_calculation
39.4063926941,0.253765932793,illustrative_calculation
39.6575342466,0.252158894646,illustrative_calculation
39.9086757991,0.25057208238,illustrative_calculation
40.1598173516,0.249005116543,illustrative_calculation
40.4109589041,0.247457627119,illustrative_calculation
40.6621004566,0.245929253229,illustrative_calculation
40.9132420091,0.244419642857,illustrative_calculation
41.1643835616,0.242928452579,illustrative_calculation
41.4155251142,0.241455347299,illustrative_calculation
41.6666666667,0.24,illustrative_calculation
41.9178082192,0.238562091503,illustrative_calculation
42.1689497717,0.237141310233,illustrative_calculation
42.4200913242,0.235737351991,illustrative_calculation
42.6712328767,0.234349919743,illustrative_calculation
42.9223744292,0.232978723404,illustrative_calculation
43.1735159817,0.23162347964,illustrative_calculation
43.4246575342,0.230283911672,illustrative_calculation
43.6757990868,0.228959749085,illustrative_calculation
43.9269406393,0.227650727651,illustrative_calculation
44.1780821918,0.226356589147,illustrative_calculation
44.4292237443,0.225077081192,illustrative_calculation
44.6803652968,0.223811957077,illustrative_calculation
44.9315068493,0.22256097561,illustrative_calculation
45.1826484018,0.22132390096,illustrative_calculation
45.4337899543,0.220100502513,illustrative_calculation
45.6849315068,0.218890554723,illustrative_calculation
45.9360730594,0.217693836978,illustrative_calculation
46.1872146119,0.216510133465,illustrative_calculation
46.4383561644,0.215339233038,illustrative_calculation
46.6894977169,0.214180929095,illustrative_calculation
46.9406392694,0.213035019455,illustrative_calculation
47.1917808219,0.211901306241,illustrative_calculation
47.4429223744,0.210779595765,illustrative_calculation
47.6940639269,0.20966969842,illustrative_calculation
47.9452054795,0.208571428571,illustrative_calculation
48.196347032,0.207484604453,illustrative_calculation
48.4474885845,0.206409048068,illustrative_calculation
48.698630137,0.205344585091,illustrative_calculation
48.9497716895,0.204291044776,illustrative_calculation
49.200913242,0.203248259861,illustrative_calculation
49.4520547945,0.202216066482,illustrative_calculation
49.703196347,0.201194304088,illustrative_calculation
49.9543378995,0.200182815356,illustrative_calculation
50.2054794521,0.199181446112,illustrative_calculation
50.4566210046,0.198190045249,illustrative_calculation
50.7077625571,0.197208464656,illustrative_calculation
50.9589041096,0.19623655914,illustrative_calculation
51.2100456621,0.195274186358,illustrative_calculation
51.4611872146,0.194321206744,illustrative_calculation
51.7123287671,0.193377483444,illustrative_calculation
51.9634703196,0.19244288225,illustrative_calculation
52.2146118721,0.191517271535,illustrative_calculation
52.4657534247,0.190600522193,illustrative_calculation
52.7168949772,0.189692507579,illustrative_calculation
52.9680365297,0.188793103448,illustrative_calculation
53.2191780822,0.187902187902,illustrative_calculation
53.4703196347,0.187019641332,illustrative_calculation
53.7214611872,0.186145346366,illustrative_calculation
53.9726027397,0.185279187817,illustrative_calculation
54.2237442922,0.184421052632,illustrative_calculation
54.4748858447,0.183570829841,illustrative_calculation
54.7260273973,0.182728410513,illustrative_calculation
54.9771689498,0.181893687708,illustrative_calculation
55.2283105023,0.181066556428,illustrative_calculation
55.4794520548,0.18024691358,illustrative_calculation
55.7305936073,0.179434657927,illustrative_calculation
55.9817351598,0.178629690049,illustrative_calculation
56.2328767123,0.177831912302,illustrative_calculation
56.4840182648,0.177041228779,illustrative_calculation
56.7351598174,0.176257545272,illustrative_calculation
56.9863013699,0.175480769231,illustrative_calculation
57.2374429224,0.174710809733,illustrative_calculation
57.4885844749,0.173947577442,illustrative_calculation
57.7397260274,0.173190984579,illustrative_calculation
57.9908675799,0.172440944882,illustrative_calculation
58.2420091324,0.171697373579,illustrative_calculation
58.4931506849,0.170960187354,illustrative_calculation
58.7442922374,0.170229304314,illustrative_calculation
58.99543379,0.169504643963,illustrative_calculation
59.2465753425,0.168786127168,illustrative_calculation
59.497716895,0.168073676132,illustrative_calculation
59.7488584475,0.167367214368,illustrative_calculation
60,0.166666666667,illustrative_calculation
